{
"coefficients": [1.059349508379, 2.167972523525, 647.702107754331, 0.559453127893, -2.742319350118, 332.60986988401, -0.00152030978, 0.002178199795],
"pins": [{"photo":[28,127],"world":[772,0]},{"photo":[302.5,183],"world":[1454,0]},{"photo":[50,26],"world":[772,295]},{"photo":[275,93],"world":[1454,295]}]
}
