{
"coefficients": [33.616304612081, 33.24602517171, -9517.865574553209, 5.957848450499, -32.807259327614, 5350.789027069063, 0.016285854715, 0.028634695671],
"pins": [{"photo":[61.5,146],"world":[-420,150]},{"photo":[109,150.5],"world":[-120,150]},{"photo":[108.5,104],"world":[-420,450]},{"photo":[158.5,102.5],"world":[-120,450]}]
}
