{
"coefficients": [66.057264868205, 17.188013935257, -9872.725728838503, -13.108783300322, -43.125997234394, 9352.92690241331, 0.045296580934, 0.028882822479],
"pins": [{"photo":[44,203.5],"world":[-391,0]},{"photo":[157.5,169],"world":[264,0]},{"photo":[69.5,128.5],"world":[-391,369]},{"photo":[175,70],"world":[264,369]}]
}
