{
"coefficients": [53.937726457675, 11.015205841156, -7979.417733877894, -12.225684379757, -42.932054449845, 9456.566867742085, 0.039252583693, 0.024141022155],
"pins": [{"photo":[18.5,215],"world":[-667,0]},{"photo":[169.5,172],"world":[259,0]},{"photo":[40.5,150],"world":[-667,406]},{"photo":[180,75.5],"world":[259,406]}]
}
